Category,MAE
Overall,3.3317638819692563
Close Games (<5),2.2505731497645063
Moderate (5-10),3.108248744496569
Large (10-15),3.253480071133092
Blowout (>15),4.306840015470375
